Workbook

Sheet Test Cases
E2: TICHI APPLICATION — TEST CASE DOCUMENT
D3: Module: Signin, Signup & Forgot Password | Tester: Rethina Prakash | Application: Tichi
A4: Test Case ID | B4: Module | C4: Test Scenario | D4: Preconditions | E4: Test Steps | F4: Test Data | G4: Expected Result | H4: Actual Result | I4: Status | J4: Page | K4: Case Type
A5: SIGN UP — TEST CASES
A6: TC001 | B6: Signup | C6: Verify successful sign up with valid registration details | D6: Signup page | E6: "1. Enter valid unregistered email 2. Enter valid first name 3. Enter valid last name 4. Enter valid mobile number 5. Enter valid password meeting all rules 6. Enter same password in Confirm Password 7. Check T&C checkbox 8. Click Sign Up" | F6: Email: abcdef@gmail.com, First Name: Abc, Last Name: def, Mobile: 8967889898, Password: Abcd@123, Confirm Password: Abcd@123 | G6: Account created successfully | H6: Verification has been sent to the given email | I6: Pass | J6: Sign Up | K6: Positive
A7: TC002 | B7: Signup | C7: Verify sign up with all fields empty | D7: Signup page | E7: "1. Leave all fields empty 2. Click Sign Up button" | F7: All fields empty | G7: Validation errors shown for all required fields. Signup does not proceed. | H7: Validation errors shown for all required fields | I7: Pass | J7: Sign Up | K7: Negative
A8: TC003 | B8: Signup | C8: Verify validation message when First Name field is left blank | D8: Signup page | E8: "1. Enter valid unregistered email 2. Blank First Name 3. Enter valid last name 4. Enter valid mobile number 5. Enter valid password meeting all rules 6. Enter same password in Confirm Password 7. Check T&C checkbox 8. Click Sign Up" | F8: First Name:Blank | G8: First Name required | H8: First name is required | I8: Pass | J8: Sign Up | K8: Negative
A9: TC004 | B9: Signup | C9: Verify all fields with invalid details | D9: Signup page | E9: 1. Enter invalid unregistered email 2. Enter invalid first name 3. Enter invalid last name 4. Enter invalid mobile number 5. Enter valid password meeting all rules 6. Enter same password in Confirm Password 7. Check T&C checkbox 8. Click Sign Up | F9: Email: abcdef@ First Name: Abc, Last Name: def, Mobile: 00000000, Password: Abcd@123, Confirm Password: Abcd@123 | G9: Validation errors shown for all required indiduval fields. Signup does not proceed. | H9: Validation errors shown for all required indiduval fields. | I9: Pass | J9: Sign Up | K9: Negative
A10: TC005 | B10: Signup | C10: Verify validation message when firstname is less than 30 chracters | D10: Signup page | E10: First Name:More than 30 characters | F10: First Name:Rethinaaaaaaaaaaaaaaaaprakashhhhhhhhhhhhhhhhhhhhhhhhhh | G10: Validation message give less than 30 characters | H10: Accept the detail entered | I10: Fail | J10: Sign Up | K10: Edge
A11: TC006 | B11: Signup | C11: Verify validation message for invalid email format during sign up | D11: Signup page | E11: Enter invalid email | F11: Email:abc@ | G11: Validation shown:Invalid Email | H11: Account created successfully and verification email is sent | I11: Fail | J11: Sign Up | K11: Negative
A12: TC007 | B12: Signup | C12: Verify password is accepted at minimum allowed length | D12: Signup page | E12: Enter all valid details Password in 8 characters | F12: Enter all valid data Password:Abcd@234 | G12: Accepted | H12: Accept the password | I12: Pass | J12: Sign Up | K12: Edge
A13: TC008 | B13: Signup | C13: Verify password below minimum length is rejected | D13: Signup page | E13: Enter all valid details Password less than 8 characters | F13: Enter all valid Data Password:RET@hy3 | G13: Rejected | H13: Password must be atleast 8 characters long | I13: Pass | J13: Sign Up | K13: Negative
A14: TC009 | B14: Signup | C14: Verify name is accepted at maximum allowed length | D14: Signup page | E14: Enter all valid details Password in 20 characters | F14: Enter all valid data Password:R@f12345678901234123 | G14: Accepted | H14: Accept the password | I14: Pass | J14: Sign Up | K14: Edge
A15: TC010 | B15: Signup | C15: Verify name exceeding maximum length is rejected | D15: Signup page | E15: enter all valid fields Password more than 20 characters | F15: Enter all valid Data Password:Retina@3328093iriohefhefjgerughbefjbgu | G15: Password must be less than 20 | H15: Accept the password | I15: Fail | J15: Sign Up | K15: Edge
A16: TC011 | B16: Signup | C16: Verify sign up handles special characters entered in the Name field | D16: Signup page | E16: Enter all valid details in required fields First Name Add special characters Click Sign up | F16: First Name:Rathna@#$ | G16: Validation don,t use the special characters in first name | H16: It doesn't allow to write the special character | I16: Pass | J16: Sign Up | K16: Negative
A17: TC012 | B17: Signup | C17: Verify leading/trailing spaces in email are trimmed and validated | D17: Signup page | E17: Enter space in first name Enter all valid data | F17: First Name:Abcd Def | G17: Accept the space in first name | H17: Doesn't allow the space in first name | I17: Fail | J17: Sign Up | K17: Edge
... A36: TC030 | B36: Forgot Password | C36: Verify Back button works on Forgot Password page (UI) | D36: Login page | E36: 1. Click the Back button on the page 2.Observe navigation | F36: N/A | G36: User is navigated back to the Sign In page | H36: User is navigated back to the Sign In page correctly | I36: Pass | J36: Forgot Password | K36: UI
I37: Average:76.6%
B41: =CONCATENATE("Total: ",G48," | Pass: ",G49," | Fail: ",G50," | Not Executed: ",G51) -> Total: | Pass: | Fail: | Not Executed:
B42: Sign Up (TC_SUP_001 to TC_SUP_016) | C42: Sign In Initial Page (TC_SIN_001 to TC_SIN_005) | D42: Sign In Password Page (TC_SI_001 to TC_SI_005) | E42: Forgot Password (TC_FP_001 to TC_FP_004)
B43: =COUNTIF('Test Cases'!$J$6:$J$36,"Sign Up")&" cases" -> 16 cases | C43: =COUNTIF('Test Cases'!$J$6:$J$36,"Sign In Initial Page")&" cases" -> 5 cases | D43: =COUNTIF('Test Cases'!$J$6:$J$36,"Sign In Password Page")&" cases" -> 5 cases | E43: =COUNTIF('Test Cases'!$J$6:$J$36,"Forgot Password")&" cases" -> 4 cases
B44: =COUNTIFS('Test Cases'!$J$6:$J$36,"Sign Up",'Test Cases'!$K$6:$K$36,"Positive")&" case"&IF(COUNTIFS('Test Cases'!$J$6:$J$36,"Sign Up",'Test Cases'!$K$6:$K$36,"Positive")=1,"","s") -> 1 case | C44: =COUNTIFS('Test Cases'!$J$6:$J$36,"Sign In Initial Page",'Test Cases'!$K$6:$K$36,"Positive")&" case"&IF(COUNTIFS('Test Cases'!$J$6:$J$36,"Sign In Initial Page",'Test Cases'!$K$6:$K$36,"Positive")=1,"","s") -> 1 case | D44: =COUNTIFS('Test Cases'!$J$6:$J$36,"Sign In Password Page",'Test Cases'!$K$6:$K$36,"Positive")&" case"&IF(COUNTIFS('Test Cases'!$J$6:$J$36,"Sign In Password Page",'Test Cases'!$K$6:$K$36,"Positive")=1,"","s") -> 1 case | E44: =COUNTIFS('Test Cases'!$J$6:$J$36,"Forgot Password",'Test Cases'!$K$6:$K$36,"Positive")&" case"&IF(COUNTIFS('Test Cases'!$J$6:$J$36,"Forgot Password",'Test Cases'!$K$6:$K$36,"Positive")=1,"","s") -> 2 cases
B45: =COUNTIFS('Test Cases'!$J$6:$J$36,"Sign Up",'Test Cases'!$K$6:$K$36,"Negative")&" case"&IF(COUNTIFS('Test Cases'!$J$6:$J$36,"Sign Up",'Test Cases'!$K$6:$K$36,"Negative")=1,"","s") -> 9 cases | C45: =COUNTIFS('Test Cases'!$J$6:$J$36,"Sign In Initial Page",'Test Cases'!$K$6:$K$36,"Negative")&" case"&IF(COUNTIFS('Test Cases'!$J$6:$J$36,"Sign In Initial Page",'Test Cases'!$K$6:$K$36,"Negative")=1,"","s") -> 3 cases | D45: =COUNTIFS('Test Cases'!$J$6:$J$36,"Sign In Password Page",'Test Cases'!$K$6:$K$36,"Negative")&" case"&IF(COUNTIFS('Test Cases'!$J$6:$J$36,"Sign In Password Page",'Test Cases'!$K$6:$K$36,"Negative")=1,"","s") -> 3 cases | E45: =COUNTIFS('Test Cases'!$J$6:$J$36,"Forgot Password",'Test Cases'!$K$6:$K$36,"Negative")&" case"&IF(COUNTIFS('Test Cases'!$J$6:$J$36,"Forgot Password",'Test Cases'!$K$6:$K$36,"Negative")=1,"","s") -> 0 cases
B46: =COUNTIFS('Test Cases'!$J$6:$J$36,"Sign Up",'Test Cases'!$K$6:$K$36,"Edge")&" case"&IF(COUNTIFS('Test Cases'!$J$6:$J$36,"Sign Up",'Test Cases'!$K$6:$K$36,"Edge")=1,"","s") -> 5 cases | C46: =COUNTIFS('Test Cases'!$J$6:$J$36,"Sign In Initial Page",'Test Cases'!$K$6:$K$36,"Edge")&" case"&IF(COUNTIFS('Test Cases'!$J$6:$J$36,"Sign In Initial Page",'Test Cases'!$K$6:$K$36,"Edge")=1,"","s") -> 0 cases | D46: =COUNTIFS('Test Cases'!$J$6:$J$36,"Sign In Password Page",'Test Cases'!$K$6:$K$36,"Edge")&" case"&IF(COUNTIFS('Test Cases'!$J$6:$J$36,"Sign In Password Page",'Test Cases'!$K$6:$K$36,"Edge")=1,"","s") -> 0 cases | E46: =COUNTIFS('Test Cases'!$J$6:$J$36,"Forgot Password",'Test Cases'!$K$6:$K$36,"Edge")&" case"&IF(COUNTIFS('Test Cases'!$J$6:$J$36,"Forgot Password",'Test Cases'!$K$6:$K$36,"Edge")=1,"","s") -> 0 cases
B47: =COUNTIFS('Test Cases'!$J$6:$J$36,"Sign Up",'Test Cases'!$K$6:$K$36,"UI")&" case"&IF(COUNTIFS('Test Cases'!$J$6:$J$36,"Sign Up",'Test Cases'!$K$6:$K$36,"UI")=1,"","s") -> 1 case | C47: =COUNTIFS('Test Cases'!$J$6:$J$36,"Sign In Initial Page",'Test Cases'!$K$6:$K$36,"UI")&" case"&IF(COUNTIFS('Test Cases'!$J$6:$J$36,"Sign In Initial Page",'Test Cases'!$K$6:$K$36,"UI")=1,"","s") -> 1 case | D47: =COUNTIFS('Test Cases'!$J$6:$J$36,"Sign In Password Page",'Test Cases'!$K$6:$K$36,"UI")&" case"&IF(COUNTIFS('Test Cases'!$J$6:$J$36,"Sign In Password Page",'Test Cases'!$K$6:$K$36,"UI")=1,"","s") -> 1 case | E47: =COUNTIFS('Test Cases'!$J$6:$J$36,"Forgot Password",'Test Cases'!$K$6:$K$36,"UI")&" case"&IF(COUNTIFS('Test Cases'!$J$6:$J$36,"Forgot Password",'Test Cases'!$K$6:$K$36,"UI")=1,"","s") -> 2 cases
B48: ="Pass: "&COUNTIFS('Test Cases'!$J$6:$J$36,"Sign Up",'Test Cases'!$I$6:$I$36,"Pass")&" Fail: "&COUNTIFS('Test Cases'!$J$6:$J$36,"Sign Up",'Test Cases'!$I$6:$I$36,"Fail") -> Pass: 12 Fail: 4 | C48: ="Pass: "&COUNTIFS('Test Cases'!$J$6:$J$36,"Sign In Initial Page",'Test Cases'!$I$6:$I$36,"Pass")&" Fail: "&COUNTIFS('Test Cases'!$J$6:$J$36,"Sign In Initial Page",'Test Cases'!$I$6:$I$36,"Fail") -> Pass: 4 Fail: 1 | D48: ="Pass: "&COUNTIFS('Test Cases'!$J$6:$J$36,"Sign In Password Page",'Test Cases'!$I$6:$I$36,"Pass")&" Fail: "&COUNTIFS('Test Cases'!$J$6:$J$36,"Sign In Password Page",'Test Cases'!$I$6:$I$36,"Fail") -> Pass: 4 Fail: 1 | E48: ="Pass: "&COUNTIFS('Test Cases'!$J$6:$J$36,"Forgot Password",'Test Cases'!$I$6:$I$36,"Pass")&" Fail: "&COUNTIFS('Test Cases'!$J$6:$J$36,"Forgot Password",'Test Cases'!$I$6:$I$36,"Fail") -> Pass: 3 Fail: 1

Sheet Defect Report
A1: TICHI APPLICATION — DEFECT REPORT
A2: Bug ID | B2: BUG_001
A3: Title | B3: Application allows users to proceed without validating email format on Sign In initial page
A4: Reported By | B4: Rethina Prakash K.S
A5: Date | B5: 46206
A6: Module | B6: Sign In (Initial)
A7: Test Case | B7: TC006
A8: Environment | B8: Browser: Chrome | OS: Windows 11 | Application: Tichi
A9: Severity | B9: High
A10: Priority | B10: High
A11: Status | B11: New
A12: Preconditions | B12: User is on the Tichi Sign In initial page. Internet is active.
A13: Steps to Reproduce | B13: 1. Navigate to the Tichi Sign In page 2. Enter an invalid email format in the Email Address field (example: abcd@) 3. Click the Continue button 4. Observe the behavior
A14: Expected Result | B14: Validation shown:Invalid Email
A15: Actual Result | B15: Account created successfully and verification email is sent
A16: Attachment | B16: Screenshot is attached showing invalid email in field and page proceeding to next step.
